experiment_group,exposure,click,conversion_cnt,ctr,conversion_rate
A,80339670,8154671,579283,0.10150242090862459,0.07103695538422089
B,80313836,8353700,606707,0.10401321137244646,0.07262733878401187
