exposure,click,view_complete,conversion_cnt,ctr,conversion_rate
160653506,16508371,8372511,1185990,0.1027576142658225,0.07184173411174247
