model,accuracy,precision,recall,f1_score,roc_auc
Logistic Regression,0.6218981481481481,0.6081632653061224,0.7878734467260069,0.6864514147502592,0.6605996816714096
Random Forest,0.6133333333333333,0.6090439088327386,0.737111130695338,0.6669856459330143,0.6536440559356348
