metric,value
accuracy,0.6218981481481481
precision,0.6081632653061224
recall,0.7878734467260069
f1_score,0.6864514147502592
roc_auc,0.6605996816714096
