metric,value
accuracy,0.6133333333333333
precision,0.6090439088327386
recall,0.737111130695338
f1_score,0.6669856459330143
roc_auc,0.6536440559356348
