metric,group_a,group_b,lift_pct,z_score,p_value,is_significant_0_05
ctr,0.10181352875492189,0.10989354166641668,7.94,92.8934,0.0,True
complete_rate,0.5106812501544667,0.49046181596367433,-3.96,-46.5014,0.0,True
report_rate,0.0019077857108308108,0.0022601947743144924,18.47,27.3332,0.0,True
conversion_rate,0.07055686081284598,0.07507966987772548,6.41,20.0051,0.0,True
monetization_revenue,6671770.02,7637099.67,14.47,,,
